{
    "items": [
    {
    "category": {
    "id": "53102901"
    },
    "sku": "1001",
    "image":"logo.jpg",
    "description": "Reflex s Track Jacket",
    "long_description": "90 Degree By Reflex s Lightweight, Full Zip Running Track Jacket",
    "price": "39.33",
    "discount": "0.05",
    "uom": "Each",
    "brand": "Reflex",
    "size": "Medium",
    "color": "Black",
    "in_stock": "Yes"
    },
    {
    "category": {
    "id": "53102901"
    },
    "sku": "1002",
    "description": "Reflex s Track Jacket",
    "long_description": "90 Degree By Reflex s Lightweight, Full Zip Running Track Jacket",
    "price": "39.33",
    "discount": "0.05",
    "uom": "Each",
    "brand": "Reflex",
    "size": "Medium",
    "color": "Green",
    "in_stock": "On 1st Oct, 2019"
    },
    {
    "category": {
    "id": "53102901"
    },
    "sku": "1003",
    "description": "Reflex s Track Jacket",
    "long_description": "90 Degree By Reflex s Lightweight, Full Zip Running Track Jacket",
    "price": "45",
    "discount": "0.0",
    "uom": "Each",
    "brand": "Reflex",
    "size": "Medium",
    "color": "Maroon",
    "in_stock": "Yes"
    },
    {
    "category": {
    "id": "53102901"
    },
    "sku": "1006",
    "description": "Reflex s Track Jacket",
    "long_description": "90 Degree By Reflex s Lightweight, Full Zip Running Track Jacket",
    "price": "45",
    "discount": "0.0",
    "uom": "Each",
    "brand": "Reflex",
    "size": "Large",
    "color": "Maroon",
    "in_stock": "Yes"
    },
    {
    "category": {
    "id": "53102901"
    },
    "sku": "1007",
    "description": "Reflex s Track Jacket",
    "long_description": "90 Degree By Reflex s Lightweight, Full Zip Running Track Jacket",
    "price": "39.33",
    "discount": "0.05",
    "uom": "Each",
    "brand": "Reflex",
    "size": "Small",
    "color": "Black",
    "in_stock": "Yes"
    },
    {
    "category": {
    "id": "53102901"
    },
    "sku": "1008",
    "description": "Reflex s Track Jacket",
    "long_description": "90 Degree By Reflex s Lightweight, Full Zip Running Track Jacket",
    "price": "39.33",
    "discount": "0.05",
    "uom": "Each",
    "brand": "Reflex",
    "size": "Small",
    "color": "Green",
    "in_stock": "On 1st Oct, 2019"
    },
    {
    "category": {
    "id": "53102902"
    },
    "sku": "2001",
    "description": "Reflex s Track Jacket",
    "long_description": "90 Degree By Reflex s Lightweight, Full Zip Running Track Jacket",
    "price": "40",
    "discount": "0.0",
    "uom": "Each",
    "brand": "Reflex",
    "size": "Medium",
    "color": "Black",
    "in_stock": "Yes"
    },
    {
    "category": {
    "id": "53102902"
    },
    "sku": "2002",
    "description": "Reflex s Track Jacket",
    "long_description": "90 Degree By Reflex s Lightweight, Full Zip Running Track Jacket",
    "price": "40",
    "discount": "0.0",
    "uom": "Each",
    "brand": "Reflex",
    "size": "Medium",
    "color": "Green",
    "in_stock": "On 1st Oct, 2019"
    },
    {
    "category": {
    "id": "53102902"
    },
    "sku": "2003",
    "description": "Reflex s Track Jacket",
    "long_description": "90 Degree By Reflex s Lightweight, Full Zip Running Track Jacket",
    "price": "50",
    "discount": "0.1",
    "uom": "Each",
    "brand": "Reflex",
    "size": "Medium",
    "color": "Blue",
    "in_stock": "Yes"
    },
    {
    "category": {
    "id": "53102902"
    },
    "sku": "2004",
    "description": "Reflex Men's Track Jacket",
    "long_description": "90 Degree By Reflex Men's Lightweight, Full Zip Running Track Jacket",
    "price": "40",
    "discount": "0.1",
    "uom": "Each",
    "brand": "Reflex",
    "size": "Large",
    "color": "Black",
    "in_stock": "Yes"
    },
    {
    "category": {
    "id": "53102902"
    },
    "sku": "2005",
    "description": "Reflex Men's Track Jacket",
    "long_description": "90 Degree By Reflex Men's Lightweight, Full Zip Running Track Jacket",
    "price": "40",
    "discount": "0.1",
    "uom": "Each",
    "brand": "Reflex",
    "size": "Large",
    "color": "Green",
    "in_stock": "Yes"
    },
    {
    "category": {
    "id": "53102902"
    },
    "sku": "2006",
    "description": "Reflex s Track Jacket",
    "long_description": "90 Degree By Reflex s Lightweight, Full Zip Running Track Jacket",
    "price": "45",
    "discount": "0.0",
    "uom": "Each",
    "brand": "Reflex",
    "size": "Large",
    "color": "Blue",
    "in_stock": "Yes"
    },
    {
    "category": {
    "id": "53102902"
    },
    "sku": "2007",
    "description": "Reflex s Track Jacket",
    "long_description": "90 Degree By Reflex s Lightweight, Full Zip Running Track Jacket",
    "price": "45",
    "discount": "0.1",
    "uom": "Each",
    "brand": "Reflex",
    "size": "Small",
    "color": "Black",
    "in_stock": "Yes"
    },
    {
    "category": {
    "id": "53102902"
    },
    "sku": "2008",
    "description": "Reflex s Track Jacket",
    "long_description": "90 Degree By Reflex s Lightweight, Full Zip Running Track Jacket",
    "price": "45",
    "discount": "0.1",
    "uom": "Each",
    "brand": "Reflex",
    "size": "Small",
    "color": "Green",
    "in_stock": "On 1st Oct, 2019"
    },
    {
    "category": {
    "id": "53103001"
    },
    "sku": "3001",
    "description": "MLANM Mens Casual Slim Fit T-Shirt",
    "long_description": "MLANM Mens Casual Slim Fit Basic Henley Long Sleeve Fashion T-Shirt",
    "price": "20",
    "discount": "0.0",
    "uom": "Each",
    "brand": "MLANM",
    "size": "Medium",
    "color": "Black",
    "in_stock": "Yes"
    },
    {
    "category": {
    "id": "53102901"
    },
    "sku": "3002",
    "description": "MLANM Mens Casual Slim Fit T-Shirt",
    "long_description": "MLANM Mens Casual Slim Fit Basic Henley Long Sleeve Fashion T-Shirt",
    "price": "23",
    "discount": "0.0",
    "uom": "Each",
    "brand": "MLANM",
    "size": "Medium",
    "color": "Blue",
    "in_stock": "Yes"
    },
    {
    "category": {
    "id": "53102901"
    },
    "sku": "3003",
    "description": "MLANM Mens Casual Slim Fit T-Shirt",
    "long_description": "MLANM Mens Casual Slim Fit Basic Henley Long Sleeve Fashion T-Shirt",
    "price": "20",
    "discount": "0.0",
    "uom": "Each",
    "brand": "MLANM",
    "size": "Medium",
    "color": "Gray",
    "in_stock": "Yes"
    },
    {
    "category": {
    "id": "53102901"
    },
    "sku": "3004",
    "description": "MLANM Mens Casual Slim Fit T-Shirt",
    "long_description": "MLANM Mens Casual Slim Fit Basic Henley Long Sleeve Fashion T-Shirt",
    "price": "20",
    "discount": "0.0",
    "uom": "Each",
    "brand": "MLANM",
    "size": "Small",
    "color": "Black",
    "in_stock": "Yes"
    },
    {
    "category": {
    "id": "53102901"
    },
    "sku": "3005",
    "description": "MLANM Mens Casual Slim Fit T-Shirt",
    "long_description": "MLANM Mens Casual Slim Fit Basic Henley Long Sleeve Fashion T-Shirt",
    "price": "23",
    "discount": "0.0",
    "uom": "Each",
    "brand": "MLANM",
    "size": "Small",
    "color": "Blue",
    "in_stock": "Yes"
    },
    {
    "category": {
    "id": "53102901"
    },
    "sku": "3006",
    "description": "MLANM Mens Casual Slim Fit T-Shirt",
    "long_description": "MLANM Mens Casual Slim Fit Basic Henley Long Sleeve Fashion T-Shirt",
    "price": "20",
    "discount": "0.0",
    "uom": "Each",
    "brand": "MLANM",
    "size": "Small",
    "color": "Gray",
    "in_stock": "Yes"
    },
    {
    "category": {
    "id": "53102901"
    },
    "sku": "3007",
    "description": "MLANM Mens Casual Slim Fit T-Shirt",
    "long_description": "MLANM Mens Casual Slim Fit Basic Henley Long Sleeve Fashion T-Shirt",
    "price": "20",
    "discount": "0.0",
    "uom": "Each",
    "brand": "MLANM",
    "size": "XL",
    "color": "Black",
    "in_stock": "Yes"
    },
    {
    "category": {
    "id": "53102901"
    },
    "sku": "3008",
    "description": "MLANM Mens Casual Slim Fit T-Shirt",
    "long_description": "MLANM Mens Casual Slim Fit Basic Henley Long Sleeve Fashion T-Shirt",
    "price": "25",
    "discount": "0.0",
    "uom": "Each",
    "brand": "MLANM",
    "size": "XL",
    "color": "Blue",
    "in_stock": "Yes"
    },
    {
    "category": {
    "id": "53103001"
    },
    "sku": "4001",
    "description": "Gildan Men's Crew T-Shirt Multipack",
    "long_description": "Gildan Men's Crew T-Shirt Multipack",
    "price": "55",
    "discount": "0.2",
    "uom": "Pack",
    "brand": "Gildan",
    "size": "Medium",
    "color": "White",
    "in_stock": "Yes"
    },
    {
    "category": {
    "id": "53102901"
    },
    "sku": "4002",
    "description": "Gildan Men's Crew T-Shirt Multipack",
    "long_description": "Gildan Men's Crew T-Shirt Multipack",
    "price": "70",
    "discount": "0.2",
    "uom": "Pack",
    "brand": "Gildan",
    "size": "Medium",
    "color": "White",
    "in_stock": "Yes"
    },
    {
    "category": {
    "id": "53102901"
    },
    "sku": "4003",
    "description": "Gildan Men's Crew T-Shirt Multipack",
    "long_description": "Gildan Men's Crew T-Shirt Multipack",
    "price": "55",
    "discount": "0.2",
    "uom": "Pack",
    "brand": "Gildan",
    "size": "Medium",
    "color": "Red",
    "in_stock": "Yes"
    },
    {
    "category": {
    "id": "53102901"
    },
    "sku": "4004",
    "description": "Gildan Men's Crew T-Shirt Multipack",
    "long_description": "Gildan Men's Crew T-Shirt Multipack",
    "price": "70",
    "discount": "0.2",
    "uom": "Pack",
    "brand": "Gildan",
    "size": "Medium",
    "color": "Red",
    "in_stock": "Yes"
    },
    {
    "category": {
    "id": "53102901"
    },
    "sku": "4005",
    "description": "Gildan Men's Crew T-Shirt Multipack",
    "long_description": "Gildan Men's Crew T-Shirt Multipack",
    "price": "50",
    "discount": "0.2",
    "uom": "Pack",
    "brand": "Gildan",
    "size": "Small",
    "color": "White",
    "in_stock": "Yes"
    },
    {
    "category": {
    "id": "53102901"
    },
    "sku": "4006",
    "description": "Gildan Men's Crew T-Shirt Multipack",
    "long_description": "Gildan Men's Crew T-Shirt Multipack",
    "price": "65",
    "discount": "0.2",
    "uom": "Pack",
    "brand": "Gildan",
    "size": "Small",
    "color": "White",
    "in_stock": "Yes"
    },
    {
    "category": {
    "id": "53102901"
    },
    "sku": "4007",
    "description": "Gildan Men's Crew T-Shirt Multipack",
    "long_description": "Gildan Men's Crew T-Shirt Multipack",
    "price": "50",
    "discount": "0.2",
    "uom": "Pack",
    "brand": "Gildan",
    "size": "Small",
    "color": "Red",
    "in_stock": "Yes"
    },
    {
    "category": {
    "id": "53102901"
    },
    "sku": "4008",
    "description": "Gildan Men's Crew T-Shirt Multipack",
    "long_description": "Gildan Men's Crew T-Shirt Multipack",
    "price": "65",
    "discount": "0.2",
    "uom": "Pack",
    "brand": "Gildan",
    "size": "Small",
    "color": "Red",
    "in_stock": "Yes"
    },
    {
    "category": {
    "id": "53101603"
    },
    "sku": "5001",
    "description": "IWOLLENCE Womens Waffle Knit Tunic Blouse",
    "long_description": "IWOLLENCE Womens Waffle Knit Tunic Blouse Tie Knot Henley Tops Loose",
    "price": "80",
    "discount": "0.15",
    "uom": "Each",
    "brand": "IWOLLENCE",
    "size": "Small",
    "color": "Wine Red",
    "in_stock": "Yes"
    },
    {
    "category": {
    "id": "53101603"
    },
    "sku": "5002",
    "description": "IWOLLENCE Womens Waffle Knit Tunic Blouse",
    "long_description": "IWOLLENCE Womens Waffle Knit Tunic Blouse Tie Knot Henley Tops Loose",
    "price": "82",
    "discount": "0.15",
    "uom": "Each",
    "brand": "IWOLLENCE",
    "size": "Medium",
    "color": "Wine Red",
    "in_stock": "Yes"
    },
    {
    "category": {
    "id": "53101603"
    },
    "sku": "5003",
    "description": "IWOLLENCE Womens Waffle Knit Tunic Blouse",
    "long_description": "IWOLLENCE Womens Waffle Knit Tunic Blouse Tie Knot Henley Tops Loose",
    "price": "82",
    "discount": "0.15",
    "uom": "Each",
    "brand": "IWOLLENCE",
    "size": "Large",
    "color": "Wine Red",
    "in_stock": "Yes"
    },
    {
    "category": {
    "id": "53101603"
    },
    "sku": "5009",
    "description": "IWOLLENCE Womens Waffle Knit Tunic Blouse",
    "long_description": "IWOLLENCE Womens Waffle Knit Tunic Blouse Tie Knot Henley Tops Loose",
    "price": "84",
    "discount": "0.15",
    "uom": "Each",
    "brand": "IWOLLENCE",
    "size": "XLarge-Black",
    "color": "Black",
    "in_stock": "Yes"
    },
    {
    "category": {
    "id": "53101603"
    },
    "sku": "5010",
    "description": "IWOLLENCE Womens Waffle Knit Tunic Blouse",
    "long_description": "IWOLLENCE Womens Waffle Knit Tunic Blouse Tie Knot Henley Tops Loose",
    "price": "84",
    "discount": "0.15",
    "uom": "Each",
    "brand": "IWOLLENCE",
    "size": "XXLarge-Black",
    "color": "Black",
    "in_stock": "Yes"
    },
    {
    "category": {
    "id": "53101603"
    },
    "sku": "5011",
    "description": "IWOLLENCE Womens Waffle Knit Tunic Blouse",
    "long_description": "IWOLLENCE Womens Waffle Knit Tunic Blouse Tie Knot Henley Tops Loose",
    "price": "80",
    "discount": "0.15",
    "uom": "Each",
    "brand": "IWOLLENCE",
    "size": "Small-Dark Green",
    "color": "Dark Green",
    "in_stock": "Yes"
    },
    {
    "category": {
    "id": "53101603"
    },
    "sku": "5012",
    "description": "IWOLLENCE Womens Waffle Knit Tunic Blouse",
    "long_description": "IWOLLENCE Womens Waffle Knit Tunic Blouse Tie Knot Henley Tops Loose",
    "price": "82",
    "discount": "0.15",
    "uom": "Each",
    "brand": "IWOLLENCE",
    "size": "Medium-Dark Green",
    "color": "Dark Green",
    "in_stock": "Yes"
    },
    {
    "category": {
    "id": "53101603"
    },
    "sku": "5013",
    "description": "IWOLLENCE Womens Waffle Knit Tunic Blouse",
    "long_description": "IWOLLENCE Womens Waffle Knit Tunic Blouse Tie Knot Henley Tops Loose",
    "price": "82",
    "discount": "0.15",
    "uom": "Each",
    "brand": "IWOLLENCE",
    "size": "Large-Dark Green",
    "color": "Dark Green",
    "in_stock": "Yes"
    },
    {
    "category": {
    "id": "53101603"
    },
    "sku": "5014",
    "description": "IWOLLENCE Womens Waffle Knit Tunic Blouse",
    "long_description": "IWOLLENCE Womens Waffle Knit Tunic Blouse Tie Knot Henley Tops Loose",
    "price": "84",
    "discount": "0.15",
    "uom": "Each",
    "brand": "IWOLLENCE",
    "size": "XLarge-Dark Green",
    "color": "Dark Green",
    "in_stock": "Yes"
    },
    {
    "category": {
    "id": "53101603"
    },
    "sku": "5015",
    "description": "IWOLLENCE Womens Waffle Knit Tunic Blouse",
    "long_description": "IWOLLENCE Womens Waffle Knit Tunic Blouse Tie Knot Henley Tops Loose",
    "price": "84",
    "discount": "0.15",
    "uom": "Each",
    "brand": "IWOLLENCE",
    "size": "XXLarge-Dark Green",
    "color": "Dark Green",
    "in_stock": "Yes"
    },
    {
    "category": {
    "id": "53103201"
    },
    "sku": "6001",
    "description": "Disposable Lab Coat",
    "long_description": "Disposable Polypropylene Yellow Lab Coat",
    "price": "50",
    "discount": "0.0",
    "uom": "Case of 50",
    "brand": "Workforce",
    "size": "Large",
    "color": null,
    "in_stock": "Yes"
    },
    {
    "category": {
    "id": "53103201"
    },
    "sku": "6002",
    "description": "Disposable Lab Coat",
    "long_description": "Disposable Polypropylene Yellow Lab Coat",
    "price": "55",
    "discount": "0.05",
    "uom": "Case of 50",
    "brand": "Workforce",
    "size": "Xlarge",
    "color": null,
    "in_stock": "Yes"
    },
    {
    "category": {
    "id": "53103101"
    },
    "sku": "7001",
    "description": "PAUL JONES Men's Wool Waistcoat",
    "long_description": "PAUL JONES Men's British Herringbone Tweed Vest Premium Wool Waistcoat",
    "price": "69",
    "discount": null,
    "uom": "Each",
    "brand": "PAUL JONES ",
    "size": "Small",
    "color": "Coffee",
    "in_stock": "Yes"
    },
    {
    "category": {
    "id": "53103101"
    },
    "sku": "7002",
    "description": "PAUL JONES Men's Wool Waistcoat",
    "long_description": "PAUL JONES Men's British Herringbone Tweed Vest Premium Wool Waistcoat",
    "price": "69",
    "discount": null,
    "uom": "Each",
    "brand": "PAUL JONES ",
    "size": "Medium",
    "color": "Coffee",
    "in_stock": "Yes"
    },
    {
    "category": {
    "id": "53103101"
    },
    "sku": "7003",
    "description": "PAUL JONES Men's Wool Waistcoat",
    "long_description": "PAUL JONES Men's British Herringbone Tweed Vest Premium Wool Waistcoat",
    "price": "69",
    "discount": null,
    "uom": "Each",
    "brand": "PAUL JONES ",
    "size": "Large",
    "color": "Coffee",
    "in_stock": "Yes"
    },
    {
    "category": {
    "id": "53103101"
    },
    "sku": "7004",
    "description": "PAUL JONES Men's Wool Waistcoat",
    "long_description": "PAUL JONES Men's British Herringbone Tweed Vest Premium Wool Waistcoat",
    "price": "69",
    "discount": null,
    "uom": "Each",
    "brand": "PAUL JONES ",
    "size": "XLarge",
    "color": "Coffee",
    "in_stock": "Yes"
    },
    {
    "category": {
    "id": "53103101"
    },
    "sku": "7005",
    "description": "PAUL JONES Men's Wool Waistcoat",
    "long_description": "PAUL JONES Men's British Herringbone Tweed Vest Premium Wool Waistcoat",
    "price": "69",
    "discount": null,
    "uom": "Each",
    "brand": "PAUL JONES ",
    "size": "XXLarge",
    "color": "Coffee",
    "in_stock": "Yes"
    },
    {
    "category": {
    "id": "53103101"
    },
    "sku": "7006",
    "description": "PAUL JONES Men's Wool Waistcoat",
    "long_description": "PAUL JONES Men's British Herringbone Tweed Vest Premium Wool Waistcoat",
    "price": "69",
    "discount": null,
    "uom": "Each",
    "brand": "PAUL JONES ",
    "size": "Small",
    "color": "Navy Blue",
    "in_stock": "Yes"
    },
    {
    "category": {
    "id": "53103101"
    },
    "sku": "7007",
    "description": "PAUL JONES Men's Wool Waistcoat",
    "long_description": "PAUL JONES Men's British Herringbone Tweed Vest Premium Wool Waistcoat",
    "price": "69",
    "discount": null,
    "uom": "Each",
    "brand": "PAUL JONES ",
    "size": "Medium",
    "color": "Navy Blue",
    "in_stock": "Yes"
    },
    {
    "category": {
    "id": "53103101"
    },
    "sku": "7008",
    "description": "PAUL JONES Men's Wool Waistcoat",
    "long_description": "PAUL JONES Men's British Herringbone Tweed Vest Premium Wool Waistcoat",
    "price": "69",
    "discount": null,
    "uom": "Each",
    "brand": "PAUL JONES ",
    "size": "Large",
    "color": "Navy Blue",
    "in_stock": "Yes"
    },
    {
    "category": {
    "id": "53103101"
    },
    "sku": "7009",
    "description": "PAUL JONES Men's Wool Waistcoat",
    "long_description": "PAUL JONES Men's British Herringbone Tweed Vest Premium Wool Waistcoat",
    "price": "69",
    "discount": null,
    "uom": "Each",
    "brand": "PAUL JONES ",
    "size": "XLarge",
    "color": "Navy Blue",
    "in_stock": "Yes"
    },
    {
    "category": {
    "id": "53103101"
    },
    "sku": "7010",
    "description": "PAUL JONES Men's Wool Waistcoat",
    "long_description": "PAUL JONES Men's British Herringbone Tweed Vest Premium Wool Waistcoat",
    "price": "69",
    "discount": null,
    "uom": "Each",
    "brand": "PAUL JONES ",
    "size": "XXLarge",
    "color": "Navy Blue",
    "in_stock": "Yes"
    },
    {
    "category": {
    "id": "53103101"
    },
    "sku": "7011",
    "description": "PAUL JONES Men's Wool Waistcoat",
    "long_description": "PAUL JONES Men's British Herringbone Tweed Vest Premium Wool Waistcoat",
    "price": "69",
    "discount": null,
    "uom": "Each",
    "brand": "PAUL JONES ",
    "size": "Small",
    "color": "Army Green",
    "in_stock": "Yes"
    },
    {
    "category": {
    "id": "53103101"
    },
    "sku": "7012",
    "description": "PAUL JONES Men's Wool Waistcoat",
    "long_description": "PAUL JONES Men's British Herringbone Tweed Vest Premium Wool Waistcoat",
    "price": "69",
    "discount": null,
    "uom": "Each",
    "brand": "PAUL JONES ",
    "size": "Medium",
    "color": "Army Green",
    "in_stock": "Yes"
    },
    {
    "category": {
    "id": "53103101"
    },
    "sku": "7013",
    "description": "PAUL JONES Men's Wool Waistcoat",
    "long_description": "PAUL JONES Men's British Herringbone Tweed Vest Premium Wool Waistcoat",
    "price": "69",
    "discount": null,
    "uom": "Each",
    "brand": "PAUL JONES ",
    "size": "Large",
    "color": "Army Green",
    "in_stock": "Yes"
    },
    {
    "category": {
    "id": "53103101"
    },
    "sku": "7014",
    "description": "PAUL JONES Men's Wool Waistcoat",
    "long_description": "PAUL JONES Men's British Herringbone Tweed Vest Premium Wool Waistcoat",
    "price": "69",
    "discount": null,
    "uom": "Each",
    "brand": "PAUL JONES ",
    "size": "Xlarge",
    "color": "Army Green",
    "in_stock": "Yes"
    },
    {
    "category": {
    "id": "53103101"
    },
    "sku": "7015",
    "description": "PAUL JONES Men's Wool Waistcoat",
    "long_description": "PAUL JONES Men's British Herringbone Tweed Vest Premium Wool Waistcoat",
    "price": "69",
    "discount": null,
    "uom": "Each",
    "brand": "PAUL JONES ",
    "size": "XXLarge",
    "color": "Army Green",
    "in_stock": "Yes"
    },
    {
    "category": {
    "id": "53101904"
    },
    "sku": "8001",
    "description": "MUSHARE Women's Formal Suit",
    "long_description": "MUSHARE Women's Formal Office Business Work Business Party Bodycon One-Piece Dress ",
    "price": "99",
    "discount": null,
    "uom": "Each",
    "brand": "MUSHARE",
    "size": "Small",
    "color": "Coffee",
    "in_stock": "Yes"
    },
    {
    "category": {
    "id": "53101904"
    },
    "sku": "8002",
    "description": "MUSHARE Women's Formal Suit",
    "long_description": "MUSHARE Women's Formal Office Business Work Business Party Bodycon One-Piece Dress ",
    "price": "99",
    "discount": null,
    "uom": "Each",
    "brand": "MUSHARE",
    "size": "Medium",
    "color": "Coffee",
    "in_stock": "Yes"
    },
    {
    "category": {
    "id": "53101904"
    },
    "sku": "8003",
    "description": "MUSHARE Women's Formal Suit",
    "long_description": "MUSHARE Women's Formal Office Business Work Business Party Bodycon One-Piece Dress ",
    "price": "99",
    "discount": null,
    "uom": "Each",
    "brand": "MUSHARE",
    "size": "Large",
    "color": "Coffee",
    "in_stock": "Yes"
    },
    {
    "category": {
    "id": "53101904"
    },
    "sku": "8004",
    "description": "MUSHARE Women's Formal Suit",
    "long_description": "MUSHARE Women's Formal Office Business Work Business Party Bodycon One-Piece Dress ",
    "price": "99",
    "discount": null,
    "uom": "Each",
    "brand": "MUSHARE",
    "size": "Xlarge",
    "color": "Coffee",
    "in_stock": "Yes"
    },
    {
    "category": {
    "id": "53101904"
    },
    "sku": "8006",
    "description": "MUSHARE Women's Formal Suit",
    "long_description": "MUSHARE Women's Formal Office Business Work Business Party Bodycon One-Piece Dress ",
    "price": "99",
    "discount": null,
    "uom": "Each",
    "brand": "MUSHARE",
    "size": "Small",
    "color": "Navy Blue",
    "in_stock": "Yes"
    },
    {
    "category": {
    "id": "53101904"
    },
    "sku": "8007",
    "description": "MUSHARE Women's Formal Suit",
    "long_description": "MUSHARE Women's Formal Office Business Work Business Party Bodycon One-Piece Dress ",
    "price": "99",
    "discount": null,
    "uom": "Each",
    "brand": "MUSHARE",
    "size": "Medium",
    "color": "Navy Blue",
    "in_stock": "Yes"
    },
    {
    "category": {
    "id": "53101904"
    },
    "sku": "8008",
    "description": "MUSHARE Women's Formal Suit",
    "long_description": "MUSHARE Women's Formal Office Business Work Business Party Bodycon One-Piece Dress ",
    "price": "99",
    "discount": null,
    "uom": "Each",
    "brand": "MUSHARE",
    "size": "Large",
    "color": "Navy Blue",
    "in_stock": "Yes"
    },
    {
    "category": {
    "id": "53101904"
    },
    "sku": "8009",
    "description": "MUSHARE Women's Formal Suit",
    "long_description": "MUSHARE Women's Formal Office Business Work Business Party Bodycon One-Piece Dress ",
    "price": "99",
    "discount": null,
    "uom": "Each",
    "brand": "MUSHARE",
    "size": "Xlarge",
    "color": "Navy Blue",
    "in_stock": "Yes"
    },
    {
    "category": {
    "id": "53101904"
    },
    "sku": "8010",
    "description": "MUSHARE Women's Formal Suit",
    "long_description": "MUSHARE Women's Formal Office Business Work Business Party Bodycon One-Piece Dress ",
    "price": "99",
    "discount": null,
    "uom": "Each",
    "brand": "MUSHARE",
    "size": "XXLarge",
    "color": "Navy Blue",
    "in_stock": "Yes"
    },
    {
    "category": {
    "id": "53101904"
    },
    "sku": "8011",
    "description": "MUSHARE Women's Formal Suit",
    "long_description": "MUSHARE Women's Formal Office Business Work Business Party Bodycon One-Piece Dress ",
    "price": "99",
    "discount": null,
    "uom": "Each",
    "brand": "MUSHARE",
    "size": "Small",
    "color": "Army Green",
    "in_stock": "Yes"
    },
    {
    "category": {
    "id": "53101904"
    },
    "sku": "8012",
    "description": "MUSHARE Women's Formal Suit",
    "long_description": "MUSHARE Women's Formal Office Business Work Business Party Bodycon One-Piece Dress ",
    "price": "99",
    "discount": null,
    "uom": "Each",
    "brand": "MUSHARE",
    "size": "Medium",
    "color": "Army Green",
    "in_stock": "Yes"
    },
    {
    "category": {
    "id": "53101904"
    },
    "sku": "8015",
    "description": "MUSHARE Women's Formal Suit",
    "long_description": "MUSHARE Women's Formal Office Business Work Business Party Bodycon One-Piece Dress ",
    "price": "99",
    "discount": null,
    "uom": "Each",
    "brand": "MUSHARE",
    "size": "XXLarge",
    "color": "Army Green",
    "in_stock": "Yes"
    },
    {
    "category": {
    "id": "53101904"
    },
    "sku": "8014",
    "description": "MUSHARE Women's Formal Suit",
    "long_description": "MUSHARE Women's Formal Office Business Work Business Party Bodycon One-Piece Dress ",
    "price": "99",
    "discount": null,
    "uom": "Each",
    "brand": "MUSHARE",
    "size": "Xlarge",
    "color": "Army Green",
    "in_stock": "Yes"
    },
    {
    "category": {
    "id": "53101902"
    },
    "sku": "9001",
    "description": "Kenneth Cole REACTION Men's Techni-Cole Suit",
    "long_description": "Kenneth Cole REACTION Men's Techni-Cole Stretch Slim Fit Suit Separate (Blazer, Pant, and Vest) ",
    "price": "99",
    "discount": null,
    "uom": "Each",
    "brand": "REACTION Kenneth Cole",
    "size": "38 Short",
    "color": "Coffee",
    "in_stock": "Yes"
    },
    {
    "category": {
    "id": "53101902"
    },
    "sku": "9002",
    "description": "Kenneth Cole REACTION Men's Techni-Cole Suit",
    "long_description": "Kenneth Cole REACTION Men's Techni-Cole Stretch Slim Fit Suit Separate (Blazer, Pant, and Vest) ",
    "price": "99",
    "discount": null,
    "uom": "Each",
    "brand": "REACTION Kenneth Cole",
    "size": "40 Regular",
    "color": "Coffee",
    "in_stock": "Yes"
    },
    {
    "category": {
    "id": "53101902"
    },
    "sku": "9003",
    "description": "Kenneth Cole REACTION Men's Techni-Cole Suit",
    "long_description": "Kenneth Cole REACTION Men's Techni-Cole Stretch Slim Fit Suit Separate (Blazer, Pant, and Vest) ",
    "price": "99",
    "discount": null,
    "uom": "Each",
    "brand": "REACTION Kenneth Cole",
    "size": "40 Long",
    "color": "Coffee",
    "in_stock": "Yes"
    },
    {
    "category": {
    "id": "53101902"
    },
    "sku": "9004",
    "description": "Kenneth Cole REACTION Men's Techni-Cole Suit",
    "long_description": "Kenneth Cole REACTION Men's Techni-Cole Stretch Slim Fit Suit Separate (Blazer, Pant, and Vest) ",
    "price": "99",
    "discount": null,
    "uom": "Each",
    "brand": "REACTION Kenneth Cole",
    "size": "50 Long",
    "color": "Coffee",
    "in_stock": "Yes"
    },
    {
    "category": {
    "id": "53101902"
    },
    "sku": "9005",
    "description": "Kenneth Cole REACTION Men's Techni-Cole Suit",
    "long_description": "Kenneth Cole REACTION Men's Techni-Cole Stretch Slim Fit Suit Separate (Blazer, Pant, and Vest) ",
    "price": "99",
    "discount": null,
    "uom": "Each",
    "brand": "REACTION Kenneth Cole",
    "size": "38 Long",
    "color": "Coffee",
    "in_stock": "Yes"
    },
    {
    "category": {
    "id": "53101902"
    },
    "sku": "9006",
    "description": "Kenneth Cole REACTION Men's Techni-Cole Suit",
    "long_description": "Kenneth Cole REACTION Men's Techni-Cole Stretch Slim Fit Suit Separate (Blazer, Pant, and Vest) ",
    "price": "99",
    "discount": null,
    "uom": "Each",
    "brand": "REACTION Kenneth Cole",
    "size": "38 Short",
    "color": "Navy Blue",
    "in_stock": "Yes"
    },
    {
    "category": {
    "id": "53101902"
    },
    "sku": "9007",
    "description": "Kenneth Cole REACTION Men's Techni-Cole Suit",
    "long_description": "Kenneth Cole REACTION Men's Techni-Cole Stretch Slim Fit Suit Separate (Blazer, Pant, and Vest) ",
    "price": "99",
    "discount": null,
    "uom": "Each",
    "brand": "REACTION Kenneth Cole",
    "size": "40 Regular",
    "color": "Navy Blue",
    "in_stock": "Yes"
    },
    {
    "category": {
    "id": "53101902"
    },
    "sku": "9008",
    "description": "Kenneth Cole REACTION Men's Techni-Cole Suit",
    "long_description": "Kenneth Cole REACTION Men's Techni-Cole Stretch Slim Fit Suit Separate (Blazer, Pant, and Vest) ",
    "price": "99",
    "discount": null,
    "uom": "Each",
    "brand": "REACTION Kenneth Cole",
    "size": "40 Long",
    "color": "Navy Blue",
    "in_stock": "Yes"
    },
    {
    "category": {
    "id": "53101902"
    },
    "sku": "9009",
    "description": "Kenneth Cole REACTION Men's Techni-Cole Suit",
    "long_description": "Kenneth Cole REACTION Men's Techni-Cole Stretch Slim Fit Suit Separate (Blazer, Pant, and Vest) ",
    "price": "99",
    "discount": null,
    "uom": "Each",
    "brand": "REACTION Kenneth Cole",
    "size": "50 Long",
    "color": "Navy Blue",
    "in_stock": "Yes"
    },
    {
    "category": {
    "id": "53101902"
    },
    "sku": "9010",
    "description": "Kenneth Cole REACTION Men's Techni-Cole Suit",
    "long_description": "Kenneth Cole REACTION Men's Techni-Cole Stretch Slim Fit Suit Separate (Blazer, Pant, and Vest) ",
    "price": "99",
    "discount": null,
    "uom": "Each",
    "brand": "REACTION Kenneth Cole",
    "size": "38 Long",
    "color": "Navy Blue",
    "in_stock": "Yes"
    },
    {
    "category": {
    "id": "53101902"
    },
    "sku": "9011",
    "description": "Kenneth Cole REACTION Men's Techni-Cole Suit",
    "long_description": "Kenneth Cole REACTION Men's Techni-Cole Stretch Slim Fit Suit Separate (Blazer, Pant, and Vest) ",
    "price": "99",
    "discount": null,
    "uom": "Each",
    "brand": "REACTION Kenneth Cole",
    "size": "38 Short",
    "color": "Gray-Blazer",
    "in_stock": "Yes"
    },
    {
    "category": {
    "id": "53101902"
    },
    "sku": "9012",
    "description": "Kenneth Cole REACTION Men's Techni-Cole Suit",
    "long_description": "Kenneth Cole REACTION Men's Techni-Cole Stretch Slim Fit Suit Separate (Blazer, Pant, and Vest) ",
    "price": "99",
    "discount": null,
    "uom": "Each",
    "brand": "REACTION Kenneth Cole",
    "size": "40 Regular",
    "color": "Gray-Blazer",
    "in_stock": "Yes"
    },
    {
    "category": {
    "id": "53101902"
    },
    "sku": "9013",
    "description": "Kenneth Cole REACTION Men's Techni-Cole Suit",
    "long_description": "Kenneth Cole REACTION Men's Techni-Cole Stretch Slim Fit Suit Separate (Blazer, Pant, and Vest) ",
    "price": "99",
    "discount": null,
    "uom": "Each",
    "brand": "REACTION Kenneth Cole",
    "size": "40 Long",
    "color": "Gray-Blazer",
    "in_stock": "Yes"
    },
    {
    "category": {
    "id": "53101902"
    },
    "sku": "9014",
    "description": "Kenneth Cole REACTION Men's Techni-Cole Suit",
    "long_description": "Kenneth Cole REACTION Men's Techni-Cole Stretch Slim Fit Suit Separate (Blazer, Pant, and Vest) ",
    "price": "99",
    "discount": null,
    "uom": "Each",
    "brand": "REACTION Kenneth Cole",
    "size": "50 Long",
    "color": "Gray-Blazer",
    "in_stock": "Yes"
    },
    {
    "category": {
    "id": "53101902"
    },
    "sku": "9015",
    "description": "Kenneth Cole REACTION Men's Techni-Cole Suit",
    "long_description": "Kenneth Cole REACTION Men's Techni-Cole Stretch Slim Fit Suit Separate (Blazer, Pant, and Vest) ",
    "price": "99",
    "discount": null,
    "uom": "Each",
    "brand": "REACTION Kenneth Cole",
    "size": "38 Long",
    "color": "Gray-Blazer",
    "in_stock": "Yes"
    },
    {
    "category": {
    "id": "53102901"
    },
    "sku": "1004",
    "description": "Reflex s Track Jacket",
    "long_description": "90 Degree By Reflex s Lightweight, Full Zip Running Track Jacket",
    "price": "39.33",
    "discount": "0.05",
    "uom": "Each",
    "brand": "Reflex",
    "size": "Large",
    "color": "Black",
    "in_stock": "Yes"
    }
    ],
    "total": 86
}